test_date,Positive Cases,Test Cases,Death Cases
2020-03-01T00:00:00.000,0,0,0
2020-03-02T00:00:00.000,0,0,0
2020-03-03T00:00:00.000,0,8,0
2020-03-04T00:00:00.000,2,8,0
2020-03-05T00:00:00.000,2,36,0
2020-03-06T00:00:00.000,7,45,0
2020-03-07T00:00:00.000,0,64,0
2020-03-08T00:00:00.000,4,63,0
2020-03-09T00:00:00.000,12,130,0
2020-03-10T00:00:00.000,24,177,0
2020-03-11T00:00:00.000,13,174,1
2020-03-12T00:00:00.000,48,371,0
2020-03-13T00:00:00.000,101,691,0
2020-03-14T00:00:00.000,74,511,2
2020-03-15T00:00:00.000,170,824,5
2020-03-16T00:00:00.000,186,891,8
2020-03-17T00:00:00.000,697,2204,8
2020-03-18T00:00:00.000,1131,3344,21
2020-03-19T00:00:00.000,1937,4844,24
2020-03-20T00:00:00.000,1805,5077,47
2020-03-21T00:00:00.000,2832,6927,44
2020-03-22T00:00:00.000,3260,6614,50
2020-03-23T00:00:00.000,2599,5387,82
2020-03-24T00:00:00.000,2952,5686,95
2020-03-25T00:00:00.000,3537,6955,123
2020-03-26T00:00:00.000,4005,6923,190
2020-03-27T00:00:00.000,4368,7948,217
2020-03-28T00:00:00.000,4002,7202,274
2020-03-29T00:00:00.000,3685,6201,292
2020-03-30T00:00:00.000,5686,9892,325
2020-03-31T00:00:00.000,4300,7331,384
2020-04-01T00:00:00.000,4370,7513,448
2020-04-02T00:00:00.000,5350,9363,497
2020-04-03T00:00:00.000,6147,11248,498
2020-04-04T00:00:00.000,4245,7814,510
2020-04-05T00:00:00.000,4630,8133,580
2020-04-06T00:00:00.000,4695,8959,576
2020-04-07T00:00:00.000,4927,10572,598
2020-04-08T00:00:00.000,5225,10696,569
2020-04-09T00:00:00.000,5356,11027,560
2020-04-10T00:00:00.000,5924,11762,539
2020-04-11T00:00:00.000,4900,10783,543
2020-04-12T00:00:00.000,3555,8053,572
2020-04-13T00:00:00.000,3702,8710,571
2020-04-14T00:00:00.000,7837,16210,510
2020-04-15T00:00:00.000,4844,12524,455
2020-04-16T00:00:00.000,4206,11756,414
2020-04-17T00:00:00.000,3911,11651,384
2020-04-18T00:00:00.000,3173,10271,391
2020-04-19T00:00:00.000,2370,7798,399
2020-04-20T00:00:00.000,2519,8829,364
2020-04-21T00:00:00.000,3107,11255,322
2020-04-22T00:00:00.000,3423,13364,312
2020-04-23T00:00:00.000,4618,18115,332
2020-04-24T00:00:00.000,4640,17238,315
2020-04-25T00:00:00.000,3145,13564,265
2020-04-26T00:00:00.000,2231,10541,246
2020-04-27T00:00:00.000,1849,9892,271
2020-04-28T00:00:00.000,2503,14067,228
2020-04-29T00:00:00.000,2637,14262,240
2020-04-30T00:00:00.000,2212,13494,223
2020-05-01T00:00:00.000,2664,16452,209
2020-05-02T00:00:00.000,1977,13359,191
2020-05-03T00:00:00.000,1320,9183,178
2020-05-04T00:00:00.000,1223,10817,159
2020-05-05T00:00:00.000,1477,13046,151
2020-05-06T00:00:00.000,1865,16369,150
2020-05-07T00:00:00.000,1567,15360,141
2020-05-08T00:00:00.000,1506,15681,131
2020-05-09T00:00:00.000,1128,13086,100
2020-05-10T00:00:00.000,940,9891,103
2020-05-11T00:00:00.000,766,9547,103
2020-05-12T00:00:00.000,1127,14753,91
2020-05-13T00:00:00.000,1295,18450,83
2020-05-14T00:00:00.000,1812,19773,70
2020-05-15T00:00:00.000,1243,18381,86
2020-05-16T00:00:00.000,993,15256,83
2020-05-17T00:00:00.000,637,10994,77
2020-05-18T00:00:00.000,591,13049,4424
2020-05-19T00:00:00.000,729,15589,60
2020-05-20T00:00:00.000,1125,21148,115
2020-05-21T00:00:00.000,809,19214,72
2020-05-22T00:00:00.000,782,20909,74
2020-05-23T00:00:00.000,857,21965,76
2020-05-24T00:00:00.000,608,15971,58
2020-05-25T00:00:00.000,570,15918,70
2020-05-26T00:00:00.000,667,17524,16
2020-05-27T00:00:00.000,1083,34232,49
2020-05-28T00:00:00.000,948,34096,57
2020-05-29T00:00:00.000,752,28578,61
2020-05-30T00:00:00.000,552,23370,65
2020-05-31T00:00:00.000,461,21253,51
2020-06-01T00:00:00.000,613,24933,48
2020-06-02T00:00:00.000,495,22585,49
2020-06-03T00:00:00.000,534,24795,54
2020-06-04T00:00:00.000,534,24952,54
2020-06-05T00:00:00.000,571,29394,21
2020-06-06T00:00:00.000,458,25129,41
2020-06-07T00:00:00.000,384,22713,26
2020-06-08T00:00:00.000,340,18789,46
2020-06-09T00:00:00.000,425,27630,34
2020-06-10T00:00:00.000,399,23521,36
2020-06-11T00:00:00.000,437,28337,22
2020-06-12T00:00:00.000,539,31795,27
2020-06-13T00:00:00.000,385,27217,19
2020-06-14T00:00:00.000,381,28484,34
2020-06-15T00:00:00.000,332,28157,22
2020-06-16T00:00:00.000,350,29053,19
2020-06-17T00:00:00.000,319,32584,24
2020-06-18T00:00:00.000,410,36490,24
2020-06-19T00:00:00.000,391,35134,22
2020-06-20T00:00:00.000,385,33024,20
2020-06-21T00:00:00.000,295,26724,33
2020-06-22T00:00:00.000,315,22087,22
2020-06-23T00:00:00.000,292,23791,27
2020-06-24T00:00:00.000,351,28781,22
2020-06-25T00:00:00.000,371,26981,14
2020-06-26T00:00:00.000,364,36197,21
2020-06-27T00:00:00.000,316,28864,22
2020-06-28T00:00:00.000,189,18691,26
2020-06-29T00:00:00.000,240,23327,25
2020-06-30T00:00:00.000,296,26056,-38
2020-07-01T00:00:00.000,427,31777,12
2020-07-02T00:00:00.000,460,31303,28
2020-07-03T00:00:00.000,368,26980,24
2020-07-04T00:00:00.000,239,26334,15
2020-07-05T00:00:00.000,247,26225,18
2020-07-06T00:00:00.000,272,25655,16
2020-07-07T00:00:00.000,289,25049,14
2020-07-08T00:00:00.000,275,26421,22
2020-07-09T00:00:00.000,351,32545,13
2020-07-10T00:00:00.000,307,30509,13
2020-07-11T00:00:00.000,341,26991,15
2020-07-12T00:00:00.000,250,22699,11
2020-07-13T00:00:00.000,315,22660,14
2020-07-14T00:00:00.000,366,27755,10
2020-07-15T00:00:00.000,385,31636,17
2020-07-16T00:00:00.000,367,35140,10
2020-07-17T00:00:00.000,387,30856,15
2020-07-18T00:00:00.000,298,22699,13
2020-07-19T00:00:00.000,284,22331,10
2020-07-20T00:00:00.000,391,28570,11
2020-07-21T00:00:00.000,350,29974,12
2020-07-22T00:00:00.000,388,30509,8
2020-07-23T00:00:00.000,360,32333,10
2020-07-24T00:00:00.000,340,28605,5
2020-07-25T00:00:00.000,229,21272,11
2020-07-26T00:00:00.000,290,23849,9
2020-07-27T00:00:00.000,198,22830,6
2020-07-28T00:00:00.000,302,27403,11
2020-07-29T00:00:00.000,312,29897,5
2020-07-30T00:00:00.000,285,30071,5
2020-07-31T00:00:00.000,312,37376,6
2020-08-01T00:00:00.000,263,25890,8
2020-08-02T00:00:00.000,241,24934,5
2020-08-03T00:00:00.000,316,30171,2
2020-08-04T00:00:00.000,301,29432,5
2020-08-05T00:00:00.000,333,31496,8
2020-08-06T00:00:00.000,344,30527,5
2020-08-07T00:00:00.000,326,33076,3
2020-08-08T00:00:00.000,248,28681,9
2020-08-09T00:00:00.000,237,26313,3
2020-08-10T00:00:00.000,274,29248,7
2020-08-11T00:00:00.000,386,46185,6
2020-08-12T00:00:00.000,438,42593,2
2020-08-13T00:00:00.000,367,38710,6
2020-08-14T00:00:00.000,382,39724,4
2020-08-15T00:00:00.000,307,35752,10
2020-08-16T00:00:00.000,235,26405,6
2020-08-17T00:00:00.000,284,26614,5
2020-08-18T00:00:00.000,273,32997,4
2020-08-19T00:00:00.000,273,33518,3
2020-08-20T00:00:00.000,286,41696,4
2020-08-21T00:00:00.000,267,40484,2
2020-08-22T00:00:00.000,279,32896,5
2020-08-23T00:00:00.000,214,28672,8
2020-08-24T00:00:00.000,231,27406,3
2020-08-25T00:00:00.000,260,29972,2
2020-08-26T00:00:00.000,315,34753,5
2020-08-27T00:00:00.000,270,42733,1
2020-08-28T00:00:00.000,278,39642,1
2020-08-29T00:00:00.000,281,42840,1
2020-08-30T00:00:00.000,268,29621,10
2020-08-31T00:00:00.000,305,32866,48
2020-09-01T00:00:00.000,264,36897,5
2020-09-02T00:00:00.000,304,37996,5
2020-09-03T00:00:00.000,325,44699,6
2020-09-04T00:00:00.000,279,40304,5
2020-09-05T00:00:00.000,295,39809,7
2020-09-06T00:00:00.000,203,25453,0
2020-09-07T00:00:00.000,222,25259,11
2020-09-08T00:00:00.000,213,29298,7
2020-09-09T00:00:00.000,336,33030,0
2020-09-10T00:00:00.000,269,36131,3
2020-09-11T00:00:00.000,306,44051,1
2020-09-12T00:00:00.000,244,28844,4
2020-09-13T00:00:00.000,265,27533,0
2020-09-14T00:00:00.000,306,28596,6
2020-09-15T00:00:00.000,252,30920,7
2020-09-16T00:00:00.000,333,33988,4
2020-09-17T00:00:00.000,348,37658,5
2020-09-18T00:00:00.000,492,46402,6
2020-09-19T00:00:00.000,398,43631,-1
2020-09-20T00:00:00.000,260,25605,6
2020-09-21T00:00:00.000,351,36940,2
2020-09-22T00:00:00.000,280,26102,1
2020-09-23T00:00:00.000,424,37682,0
2020-09-24T00:00:00.000,371,38238,6
2020-09-25T00:00:00.000,429,40855,6
2020-09-26T00:00:00.000,382,32806,2
2020-09-27T00:00:00.000,379,23471,5
2020-09-28T00:00:00.000,523,41102,8
2020-09-29T00:00:00.000,446,37366,4
2020-09-30T00:00:00.000,533,39982,4
2020-10-01T00:00:00.000,599,42718,8
2020-10-02T00:00:00.000,712,51646,16
2020-10-03T00:00:00.000,532,38588,0
2020-10-04T00:00:00.000,468,31246,5
2020-10-05T00:00:00.000,567,39600,6
2020-10-06T00:00:00.000,548,37573,5
2020-10-07T00:00:00.000,696,56650,13
2020-10-08T00:00:00.000,624,52767,3
2020-10-09T00:00:00.000,575,51461,4
2020-10-10T00:00:00.000,469,43788,2
2020-10-11T00:00:00.000,393,35182,4
2020-10-12T00:00:00.000,545,42463,4
2020-10-13T00:00:00.000,464,37560,7
2020-10-14T00:00:00.000,508,51261,7
2020-10-15T00:00:00.000,660,54557,11
2020-10-16T00:00:00.000,806,67573,3
2020-10-17T00:00:00.000,612,56960,6
2020-10-18T00:00:00.000,419,32502,12
2020-10-19T00:00:00.000,436,32901,7
2020-10-20T00:00:00.000,839,51903,2
2020-10-21T00:00:00.000,530,47546,2
2020-10-22T00:00:00.000,571,56599,6
2020-10-23T00:00:00.000,755,60543,10
2020-10-24T00:00:00.000,653,47770,1
2020-10-25T00:00:00.000,424,31367,3
2020-10-26T00:00:00.000,731,43286,4
2020-10-27T00:00:00.000,837,52496,7
2020-10-28T00:00:00.000,1060,70453,4
2020-10-29T00:00:00.000,903,57765,11
2020-10-30T00:00:00.000,699,51890,7
2020-10-31T00:00:00.000,946,65619,4
2020-11-01T00:00:00.000,641,41730,9
2020-11-02T00:00:00.000,802,53036,5
2020-11-03T00:00:00.000,795,60702,4
2020-11-04T00:00:00.000,1067,64902,11
2020-11-05T00:00:00.000,1203,63299,8
2020-11-06T00:00:00.000,1165,63016,9
2020-11-07T00:00:00.000,1391,64371,5
2020-11-08T00:00:00.000,1156,45857,14
2020-11-09T00:00:00.000,1208,49942,7
2020-11-10T00:00:00.000,1731,61053,5
2020-11-11T00:00:00.000,1662,68146,16
2020-11-12T00:00:00.000,1826,74221,4
2020-11-13T00:00:00.000,1797,72792,6
2020-11-14T00:00:00.000,1457,65235,13
2020-11-15T00:00:00.000,1285,56374,10
2020-11-16T00:00:00.000,1934,66042,5
2020-11-17T00:00:00.000,1747,58371,5
2020-11-18T00:00:00.000,1847,77387,11
2020-11-19T00:00:00.000,2021,83661,17
2020-11-20T00:00:00.000,1945,75485,23
2020-11-21T00:00:00.000,1930,82218,12
2020-11-22T00:00:00.000,1782,70230,7
2020-11-23T00:00:00.000,1728,68379,11
2020-11-24T00:00:00.000,1916,71042,3
2020-11-25T00:00:00.000,2331,95449,10
2020-11-26T00:00:00.000,2558,91975,4
2020-11-27T00:00:00.000,2101,70332,11
2020-11-28T00:00:00.000,2294,67429,8
2020-11-29T00:00:00.000,2504,63194,6
2020-11-30T00:00:00.000,2569,62382,4
2020-12-01T00:00:00.000,3198,74894,6
2020-12-02T00:00:00.000,3307,81397,10
2020-12-03T00:00:00.000,3597,83790,12
2020-12-04T00:00:00.000,3229,84365,16
2020-12-05T00:00:00.000,3127,86356,26
2020-12-06T00:00:00.000,2765,65994,12
2020-12-07T00:00:00.000,3461,73023,9
2020-12-08T00:00:00.000,3742,90731,21
2020-12-09T00:00:00.000,3370,83836,6
2020-12-10T00:00:00.000,3347,87067,11
2020-12-11T00:00:00.000,3983,108902,30
2020-12-12T00:00:00.000,3378,89875,23
2020-12-13T00:00:00.000,3029,68053,28
2020-12-14T00:00:00.000,4146,90883,19
2020-12-15T00:00:00.000,3531,70752,22
2020-12-16T00:00:00.000,3627,86500,27
2020-12-17T00:00:00.000,4499,117665,26
2020-12-18T00:00:00.000,3345,81520,49
2020-12-19T00:00:00.000,3244,84351,25
2020-12-20T00:00:00.000,3338,69734,13
2020-12-21T00:00:00.000,3456,70925,36
2020-12-22T00:00:00.000,4373,94232,27
2020-12-23T00:00:00.000,4662,102392,32
2020-12-24T00:00:00.000,4171,92987,44
2020-12-25T00:00:00.000,3949,92540,43
2020-12-26T00:00:00.000,2842,54260,30
2020-12-27T00:00:00.000,3523,52412,31
2020-12-28T00:00:00.000,4570,77989,35
2020-12-29T00:00:00.000,4710,65921,41
2020-12-30T00:00:00.000,5993,93660,45
2020-12-31T00:00:00.000,5293,90990,41
2021-01-01T00:00:00.000,5228,86300,57
2021-01-02T00:00:00.000,3340,56265,25
2021-01-03T00:00:00.000,3726,55641,28
2021-01-04T00:00:00.000,4863,70618,27
2021-01-05T00:00:00.000,5623,79677,28
2021-01-06T00:00:00.000,6387,100998,44
2021-01-07T00:00:00.000,6284,103022,54
2021-01-08T00:00:00.000,6044,112890,50
2021-01-09T00:00:00.000,5319,109654,47
2021-01-10T00:00:00.000,5290,92613,61
2021-01-11T00:00:00.000,5994,87852,59
2021-01-12T00:00:00.000,5822,87439,59
2021-01-13T00:00:00.000,5359,94938,71
2021-01-14T00:00:00.000,7725,143254,87
2021-01-15T00:00:00.000,6321,123775,62
2021-01-16T00:00:00.000,5751,112690,77
2021-01-17T00:00:00.000,5228,87093,57
2021-01-18T00:00:00.000,5350,85054,65
2021-01-19T00:00:00.000,6594,95536,52
2021-01-20T00:00:00.000,5198,88272,75
2021-01-21T00:00:00.000,6307,120905,87
2021-01-22T00:00:00.000,5860,115459,67
2021-01-23T00:00:00.000,5760,117614,75
2021-01-24T00:00:00.000,5695,109583,74
2021-01-25T00:00:00.000,5081,75466,69
2021-01-26T00:00:00.000,4947,93528,52
2021-01-27T00:00:00.000,6102,115047,88
2021-01-28T00:00:00.000,5780,118077,71
2021-01-29T00:00:00.000,6028,121826,99
2021-01-30T00:00:00.000,5018,109172,89
2021-01-31T00:00:00.000,4194,83860,92
2021-02-01T00:00:00.000,4192,70567,85
2021-02-02T00:00:00.000,2583,50607,65
2021-02-03T00:00:00.000,2939,59025,54
2021-02-04T00:00:00.000,3883,72873,77
2021-02-05T00:00:00.000,5350,107220,80
2021-02-06T00:00:00.000,5282,110235,98
2021-02-07T00:00:00.000,4547,93529,99
2021-02-08T00:00:00.000,4352,70055,71
2021-02-09T00:00:00.000,3318,71336,69
2021-02-10T00:00:00.000,5193,119096,106
2021-02-11T00:00:00.000,4195,107380,75
2021-02-12T00:00:00.000,4581,108064,95
2021-02-13T00:00:00.000,4122,99215,77
2021-02-14T00:00:00.000,3455,78451,97
2021-02-15T00:00:00.000,3700,67524,66
2021-02-16T00:00:00.000,3078,68052,68
2021-02-17T00:00:00.000,3438,91957,76
2021-02-18T00:00:00.000,4872,105515,87
2021-02-19T00:00:00.000,4150,98287,107
2021-02-20T00:00:00.000,3384,81211,78
2021-02-21T00:00:00.000,3358,67417,74
2021-02-22T00:00:00.000,3532,62983,55
2021-02-23T00:00:00.000,3363,93028,63
2021-02-24T00:00:00.000,4313,108838,76
2021-02-25T00:00:00.000,4419,119391,81
2021-02-26T00:00:00.000,4372,122718,87
2021-02-27T00:00:00.000,3957,111074,80
2021-02-28T00:00:00.000,3503,84115,66
2021-03-01T00:00:00.000,3117,53833,66
2021-03-02T00:00:00.000,4315,95726,74
2021-03-03T00:00:00.000,4025,109880,94
2021-03-04T00:00:00.000,4856,136113,86
2021-03-05T00:00:00.000,4079,116613,71
2021-03-06T00:00:00.000,3507,87541,68
2021-03-07T00:00:00.000,2747,65786,63
2021-03-08T00:00:00.000,3943,88769,48
2021-03-09T00:00:00.000,3420,84679,40
2021-03-10T00:00:00.000,3548,96626,58
2021-03-11T00:00:00.000,5081,123710,88
2021-03-12T00:00:00.000,3453,88498,62
2021-03-13T00:00:00.000,3134,78398,60
2021-03-14T00:00:00.000,3004,55467,72
2021-03-15T00:00:00.000,3370,67037,56
2021-03-16T00:00:00.000,5389,135895,52
2021-03-17T00:00:00.000,4048,112949,46
2021-03-18T00:00:00.000,4569,118982,66
2021-03-19T00:00:00.000,3764,108716,64
2021-03-20T00:00:00.000,4203,100586,46
2021-03-21T00:00:00.000,3565,68142,0
2021-03-22T00:00:00.000,3492,66696,0
2021-03-23T00:00:00.000,3809,86501,0
2021-03-24T00:00:00.000,4033,106374,221
2021-03-25T00:00:00.000,4393,114708,59
2021-03-26T00:00:00.000,3903,99761,48
2021-03-27T00:00:00.000,5202,116891,57
2021-03-28T00:00:00.000,3985,85819,74
2021-03-29T00:00:00.000,3118,64756,106
2021-03-30T00:00:00.000,4185,87895,2
2021-03-31T00:00:00.000,4322,100703,56
2021-04-01T00:00:00.000,3794,103578,61
2021-04-02T00:00:00.000,3720,93271,58
2021-04-03T00:00:00.000,3688,93690,65
2021-04-04T00:00:00.000,3118,70631,61
2021-04-05T00:00:00.000,2898,57057,53
2021-04-06T00:00:00.000,3467,89868,32
2021-04-07T00:00:00.000,3826,116422,49
2021-04-08T00:00:00.000,4368,125525,61
2021-04-09T00:00:00.000,3295,115141,53
2021-04-10T00:00:00.000,3250,102072,47
2021-04-11T00:00:00.000,2176,59220,56
2021-04-12T00:00:00.000,2311,50759,63
2021-04-13T00:00:00.000,2894,87901,31
2021-04-14T00:00:00.000,2734,90078,51
2021-04-15T00:00:00.000,3426,108142,60
2021-04-16T00:00:00.000,4041,151660,52
2021-04-17T00:00:00.000,2688,102118,55
2021-04-18T00:00:00.000,2104,66249,34
2021-04-19T00:00:00.000,1774,47659,29
2021-04-20T00:00:00.000,1985,82897,38
2021-04-21T00:00:00.000,2198,101251,22
2021-04-22T00:00:00.000,2131,107318,46
2021-04-23T00:00:00.000,1872,101778,44
2021-04-24T00:00:00.000,1925,100467,48
2021-04-25T00:00:00.000,1343,56571,36
2021-04-26T00:00:00.000,1191,41848,12
2021-04-27T00:00:00.000,1297,75543,59
2021-04-28T00:00:00.000,1605,101875,12
2021-04-29T00:00:00.000,1636,97704,54
2021-04-30T00:00:00.000,1556,101772,35
2021-05-01T00:00:00.000,1304,83496,52
2021-05-02T00:00:00.000,916,51435,27
2021-05-03T00:00:00.000,832,41767,29
2021-05-04T00:00:00.000,1105,77417,31
2021-05-05T00:00:00.000,1042,87234,36
2021-05-06T00:00:00.000,890,87633,37
2021-05-07T00:00:00.000,1256,109326,34
2021-05-08T00:00:00.000,844,79401,31
2021-05-09T00:00:00.000,668,49382,25
2021-05-10T00:00:00.000,557,40791,28
2021-05-11T00:00:00.000,687,79512,17
2021-05-12T00:00:00.000,855,92117,38
2021-05-13T00:00:00.000,802,94655,35
2021-05-14T00:00:00.000,671,82732,39
2021-05-15T00:00:00.000,628,74563,0
2021-05-16T00:00:00.000,480,47632,32
2021-05-17T00:00:00.000,402,41524,22
2021-05-18T00:00:00.000,472,65607,24
2021-05-19T00:00:00.000,570,88137,13
2021-05-20T00:00:00.000,573,85814,16
2021-05-21T00:00:00.000,495,81195,20
2021-05-22T00:00:00.000,439,70629,13
2021-05-23T00:00:00.000,340,41670,12
2021-05-24T00:00:00.000,288,36113,18
2021-05-25T00:00:00.000,346,67620,12
2021-05-26T00:00:00.000,424,82455,13
2021-05-27T00:00:00.000,390,79907,14
2021-05-28T00:00:00.000,338,71698,13
2021-05-29T00:00:00.000,257,62823,17
2021-05-30T00:00:00.000,207,35208,8
2021-05-31T00:00:00.000,176,25834,5
2021-06-01T00:00:00.000,168,37253,17
2021-06-02T00:00:00.000,269,63278,5
2021-06-03T00:00:00.000,350,98426,15
2021-06-04T00:00:00.000,271,64298,19
2021-06-05T00:00:00.000,240,62179,9
2021-06-06T00:00:00.000,170,35501,18
2021-06-07T00:00:00.000,221,33548,4
2021-06-08T00:00:00.000,210,59024,12
2021-06-09T00:00:00.000,302,72688,4
2021-06-10T00:00:00.000,215,63869,8
2021-06-11T00:00:00.000,261,73802,13
2021-06-12T00:00:00.000,183,62437,10
2021-06-13T00:00:00.000,156,34753,6
2021-06-14T00:00:00.000,174,28632,4
2021-06-15T00:00:00.000,179,54599,7
2021-06-16T00:00:00.000,206,64810,0
2021-06-17T00:00:00.000,196,60712,7
2021-06-18T00:00:00.000,227,61132,3
2021-06-19T00:00:00.000,150,52106,4
2021-06-20T00:00:00.000,142,32246,1
2021-06-21T00:00:00.000,133,29598,3
2021-06-22T00:00:00.000,178,50648,4
2021-06-23T00:00:00.000,174,62703,0
2021-06-24T00:00:00.000,202,52994,2
2021-06-25T00:00:00.000,225,51959,6
2021-06-26T00:00:00.000,198,43967,8
2021-06-27T00:00:00.000,156,28629,8
2021-06-28T00:00:00.000,169,28530,5
2021-06-29T00:00:00.000,214,43822,5
2021-06-30T00:00:00.000,236,43109,-1
2021-07-01T00:00:00.000,263,39713,9
2021-07-02T00:00:00.000,259,43306,4
2021-07-03T00:00:00.000,260,37087,0
2021-07-04T00:00:00.000,227,26578,6
2021-07-05T00:00:00.000,127,18349,2
2021-07-06T00:00:00.000,313,29347,6
2021-07-07T00:00:00.000,452,60972,3
2021-07-08T00:00:00.000,496,49971,3
2021-07-09T00:00:00.000,406,44646,3
2021-07-10T00:00:00.000,412,37621,10
2021-07-11T00:00:00.000,350,27886,2
2021-07-12T00:00:00.000,358,29663,2
2021-07-13T00:00:00.000,476,42752,-1
2021-07-14T00:00:00.000,550,48009,8
2021-07-15T00:00:00.000,604,47645,3
2021-07-16T00:00:00.000,754,48804,0
2021-07-17T00:00:00.000,651,42474,7
2021-07-18T00:00:00.000,461,44321,7
2021-07-19T00:00:00.000,669,41089,3
2021-07-20T00:00:00.000,870,48997,4
2021-07-21T00:00:00.000,934,53533,3
2021-07-22T00:00:00.000,1056,61164,6
2021-07-23T00:00:00.000,1106,59125,2
2021-07-24T00:00:00.000,1070,52381,2
2021-07-25T00:00:00.000,743,33709,2
2021-07-26T00:00:00.000,904,39874,4
2021-07-27T00:00:00.000,1258,55741,1
2021-07-28T00:00:00.000,1393,61083,5
2021-07-29T00:00:00.000,1418,63115,4
2021-07-30T00:00:00.000,1682,71019,7
2021-07-31T00:00:00.000,1262,52637,8
2021-08-01T00:00:00.000,1202,42921,3
2021-08-02T00:00:00.000,1444,47634,7
2021-08-03T00:00:00.000,1589,70220,9
2021-08-04T00:00:00.000,1955,76423,-1
2021-08-05T00:00:00.000,1935,77606,12
2021-08-06T00:00:00.000,1944,76912,6
2021-08-07T00:00:00.000,1694,64501,4
2021-08-08T00:00:00.000,1934,65947,8
2021-08-09T00:00:00.000,1500,51867,0
2021-08-10T00:00:00.000,1959,80978,0
2021-08-11T00:00:00.000,2257,83551,26
2021-08-12T00:00:00.000,2017,78021,15
2021-08-13T00:00:00.000,2152,86190,7
2021-08-14T00:00:00.000,2258,95169,4
2021-08-15T00:00:00.000,1506,53532,10
2021-08-16T00:00:00.000,1522,47573,3
2021-08-17T00:00:00.000,2079,83133,18
2021-08-18T00:00:00.000,2380,93694,0
2021-08-19T00:00:00.000,2050,83350,11
2021-08-20T00:00:00.000,2084,88621,0
2021-08-21T00:00:00.000,1842,77912,30
2021-08-22T00:00:00.000,1522,54045,0
2021-08-23T00:00:00.000,1433,50034,13
2021-08-24T00:00:00.000,1879,75733,6
2021-08-25T00:00:00.000,2235,82612,13
2021-08-26T00:00:00.000,2125,85536,18
2021-08-27T00:00:00.000,2310,92103,16
2021-08-28T00:00:00.000,1626,79720,7
2021-08-29T00:00:00.000,1505,55286,0
2021-08-30T00:00:00.000,1409,48674,19
2021-08-31T00:00:00.000,1783,70617,13
2021-09-01T00:00:00.000,1687,79852,7
2021-09-02T00:00:00.000,2219,91093,24
2021-09-03T00:00:00.000,1656,72685,10
2021-09-04T00:00:00.000,1626,74837,0
2021-09-05T00:00:00.000,1201,50634,25
2021-09-06T00:00:00.000,1060,42521,12
2021-09-07T00:00:00.000,1396,53801,11
2021-09-08T00:00:00.000,1972,93996,0
2021-09-09T00:00:00.000,2087,98907,36
2021-09-10T00:00:00.000,2177,111004,2
2021-09-11T00:00:00.000,1712,89238,18
2021-09-12T00:00:00.000,1388,59724,0
2021-09-13T00:00:00.000,1545,59924,21
2021-09-14T00:00:00.000,1671,82036,19
2021-09-15T00:00:00.000,1991,93348,10
2021-09-16T00:00:00.000,1908,105234,17
2021-09-17T00:00:00.000,2082,105504,14
2021-09-18T00:00:00.000,1755,110003,0
2021-09-19T00:00:00.000,1269,65836,16
2021-09-20T00:00:00.000,1631,70129,0
2021-09-21T00:00:00.000,1704,95342,23
2021-09-22T00:00:00.000,1520,99377,14
2021-09-23T00:00:00.000,1607,104524,20
2021-09-24T00:00:00.000,1490,101469,21
2021-09-25T00:00:00.000,1351,94548,0
2021-09-26T00:00:00.000,1178,68453,36
2021-09-27T00:00:00.000,1393,73267,0
2021-09-28T00:00:00.000,1311,91012,24
2021-09-29T00:00:00.000,1366,128371,33
2021-09-30T00:00:00.000,1259,103064,20
2021-10-01T00:00:00.000,1365,114904,22
2021-10-02T00:00:00.000,1188,97443,0
2021-10-03T00:00:00.000,1062,67268,0
2021-10-04T00:00:00.000,1153,73806,27
2021-10-05T00:00:00.000,1401,89059,6
2021-10-06T00:00:00.000,1565,115935,17
2021-10-07T00:00:00.000,1317,108110,-1
2021-10-08T00:00:00.000,1265,108236,21
2021-10-09T00:00:00.000,708,48276,0
2021-10-10T00:00:00.000,1345,114145,0
2021-10-11T00:00:00.000,1028,59921,30
2021-10-12T00:00:00.000,1139,69401,15
2021-10-13T00:00:00.000,1056,96471,32
2021-10-14T00:00:00.000,1386,116538,8
2021-10-15T00:00:00.000,1230,105763,3
2021-10-16T00:00:00.000,1055,110507,0
2021-10-17T00:00:00.000,687,60068,0
2021-10-18T00:00:00.000,1042,66440,20
2021-10-19T00:00:00.000,1131,93786,7
2021-10-20T00:00:00.000,1045,103790,11
2021-10-21T00:00:00.000,859,97764,5
2021-10-22T00:00:00.000,874,92751,15
2021-10-23T00:00:00.000,709,86296,0
2021-10-24T00:00:00.000,699,63174,0
2021-10-25T00:00:00.000,562,49354,36
2021-10-26T00:00:00.000,784,71417,4
2021-10-27T00:00:00.000,1086,114976,7
2021-10-28T00:00:00.000,876,102745,0
2021-10-29T00:00:00.000,834,96266,14
2021-10-30T00:00:00.000,794,83245,0
2021-10-31T00:00:00.000,728,62996,0
2021-11-01T00:00:00.000,666,49416,24
2021-11-02T00:00:00.000,802,78670,12
2021-11-03T00:00:00.000,930,87970,9
2021-11-04T00:00:00.000,893,82122,22
2021-11-05T00:00:00.000,1062,95319,19
2021-11-06T00:00:00.000,888,82636,0
2021-11-07T00:00:00.000,786,57457,0
2021-11-08T00:00:00.000,850,53558,13
2021-11-09T00:00:00.000,974,71233,13
2021-11-10T00:00:00.000,1244,99747,12
2021-11-11T00:00:00.000,1142,91699,6
2021-11-12T00:00:00.000,1382,94791,14
2021-11-13T00:00:00.000,882,76215,0
2021-11-14T00:00:00.000,1047,56532,0
2021-11-15T00:00:00.000,913,48703,9
2021-11-16T00:00:00.000,1190,75531,17
2021-11-17T00:00:00.000,1454,101933,12
2021-11-18T00:00:00.000,1541,93413,8
2021-11-19T00:00:00.000,1541,92204,13
2021-11-20T00:00:00.000,1365,96682,0
2021-11-21T00:00:00.000,1307,61098,9
2021-11-22T00:00:00.000,1206,60357,0
2021-11-23T00:00:00.000,1469,86785,10
2021-11-24T00:00:00.000,1626,112005,16
2021-11-25T00:00:00.000,1358,89578,0
2021-11-26T00:00:00.000,1079,49254,21
2021-11-27T00:00:00.000,1641,75658,0
2021-11-28T00:00:00.000,1283,49306,0
2021-11-29T00:00:00.000,1423,66118,14
2021-11-30T00:00:00.000,1825,85512,20
2021-12-01T00:00:00.000,2364,106655,20
2021-12-02T00:00:00.000,2389,105236,8
2021-12-03T00:00:00.000,2265,99016,11
2021-12-04T00:00:00.000,2581,112173,0
2021-12-05T00:00:00.000,1521,61129,0
2021-12-06T00:00:00.000,2159,74175,16
2021-12-07T00:00:00.000,2590,115528,22
2021-12-08T00:00:00.000,4253,130146,21
2021-12-09T00:00:00.000,3111,141357,15
2021-12-10T00:00:00.000,3846,148806,16
2021-12-11T00:00:00.000,4293,134444,0
2021-12-12T00:00:00.000,3824,112099,0
2021-12-13T00:00:00.000,3124,80037,15
2021-12-14T00:00:00.000,5084,125262,21
2021-12-15T00:00:00.000,8318,146366,24
2021-12-16T00:00:00.000,10286,136807,4
2021-12-17T00:00:00.000,11589,154971,25
2021-12-18T00:00:00.000,12404,148415,0
2021-12-19T00:00:00.000,15245,176320,21
2021-12-20T00:00:00.000,13760,135039,1
2021-12-21T00:00:00.000,17221,161089,33
2021-12-22T00:00:00.000,22808,187008,26
2021-12-23T00:00:00.000,27053,214826,25
2021-12-24T00:00:00.000,31024,245734,0
2021-12-25T00:00:00.000,23804,162838,0
2021-12-26T00:00:00.000,18368,113422,0
2021-12-27T00:00:00.000,27774,141826,49
2021-12-28T00:00:00.000,39591,182846,4
2021-12-29T00:00:00.000,43985,190225,100
2021-12-30T00:00:00.000,43135,188472,45
2021-12-31T00:00:00.000,49724,218938,33
2022-01-01T00:00:00.000,35650,154855,20
2022-01-02T00:00:00.000,29246,128796,46
2022-01-03T00:00:00.000,30854,144354,15
2022-01-04T00:00:00.000,42677,197480,51
2022-01-05T00:00:00.000,46158,204591,91
2022-01-06T00:00:00.000,44278,207907,78
2022-01-07T00:00:00.000,47591,233311,110
2022-01-08T00:00:00.000,42641,223817,0
2022-01-09T00:00:00.000,32236,177045,90
2022-01-10T00:00:00.000,27908,162811,23
2022-01-11T00:00:00.000,31183,194263,183
2022-01-12T00:00:00.000,31530,195458,135
2022-01-13T00:00:00.000,21440,150015,150
2022-01-14T00:00:00.000,23054,173569,135
2022-01-15T00:00:00.000,28548,248254,0
2022-01-16T00:00:00.000,13811,118256,0
2022-01-17T00:00:00.000,10888,110182,189
2022-01-18T00:00:00.000,11301,111205,251
2022-01-19T00:00:00.000,13474,151586,173
2022-01-20T00:00:00.000,12275,167813,106
2022-01-21T00:00:00.000,13422,172943,136
2022-01-22T00:00:00.000,8561,146356,0
2022-01-23T00:00:00.000,5032,76092,155
2022-01-24T00:00:00.000,4417,66191,25
2022-01-25T00:00:00.000,6385,123385,213
2022-01-26T00:00:00.000,6392,124568,161
2022-01-27T00:00:00.000,5034,118449,116
2022-01-28T00:00:00.000,4400,117022,128
2022-01-29T00:00:00.000,3050,93637,132
2022-01-30T00:00:00.000,1445,44811,0
2022-01-31T00:00:00.000,2639,66488,26
2022-02-01T00:00:00.000,3266,98259,149
2022-02-02T00:00:00.000,3072,99498,100
2022-02-03T00:00:00.000,2632,92625,108
2022-02-04T00:00:00.000,2578,109517,89
2022-02-05T00:00:00.000,2174,97107,0
2022-02-06T00:00:00.000,1405,52357,97
2022-02-07T00:00:00.000,1642,56483,13
2022-02-08T00:00:00.000,2007,86382,136
2022-02-09T00:00:00.000,3254,116004,108
2022-02-10T00:00:00.000,1510,102459,72
2022-02-11T00:00:00.000,1374,95276,64
2022-02-12T00:00:00.000,1296,96404,0
2022-02-13T00:00:00.000,700,45160,64
2022-02-14T00:00:00.000,712,39434,4
2022-02-15T00:00:00.000,1044,76663,92
2022-02-16T00:00:00.000,1170,96283,52
2022-02-17T00:00:00.000,2166,105698,35
2022-02-18T00:00:00.000,964,103534,51
2022-02-19T00:00:00.000,999,107727,0
2022-02-20T00:00:00.000,505,41082,0
2022-02-21T00:00:00.000,538,39222,43
2022-02-22T00:00:00.000,899,71075,47
2022-02-23T00:00:00.000,1106,69155,35
2022-02-24T00:00:00.000,797,65704,38
2022-02-25T00:00:00.000,771,63735,37
2022-02-26T00:00:00.000,681,56601,0
2022-02-27T00:00:00.000,362,36602,29
2022-02-28T00:00:00.000,423,37787,1
2022-03-01T00:00:00.000,788,76173,27
2022-03-02T00:00:00.000,926,99383,24
2022-03-03T00:00:00.000,701,76561,19
2022-03-04T00:00:00.000,1299,92056,22
2022-03-05T00:00:00.000,507,67866,0
2022-03-06T00:00:00.000,381,37987,26
2022-03-07T00:00:00.000,393,40216,1
2022-03-08T00:00:00.000,634,76969,24
2022-03-09T00:00:00.000,883,80121,-13
2022-03-10T00:00:00.000,669,80699,-1
2022-03-11T00:00:00.000,795,78754,12
2022-03-12T00:00:00.000,693,69682,0
2022-03-13T00:00:00.000,381,34879,16
2022-03-14T00:00:00.000,1689,44245,0
2022-03-15T00:00:00.000,876,79605,23
2022-03-16T00:00:00.000,865,78179,30
2022-03-17T00:00:00.000,802,73510,18
2022-03-18T00:00:00.000,1041,77859,10
2022-03-19T00:00:00.000,879,75643,0
2022-03-20T00:00:00.000,518,32031,-3
2022-03-21T00:00:00.000,640,38239,1
2022-03-22T00:00:00.000,1484,84617,10
2022-03-23T00:00:00.000,1576,100655,14
2022-03-24T00:00:00.000,1427,78534,2
2022-03-25T00:00:00.000,1342,77131,9
2022-03-26T00:00:00.000,1204,69161,0
2022-03-27T00:00:00.000,840,38849,8
2022-03-28T00:00:00.000,960,40469,1
2022-03-29T00:00:00.000,1288,69752,9
2022-03-30T00:00:00.000,1923,90060,3
2022-03-31T00:00:00.000,1488,64919,3
2022-04-01T00:00:00.000,1669,70254,8
2022-04-02T00:00:00.000,1675,78220,0
2022-04-03T00:00:00.000,1142,45759,0
2022-04-04T00:00:00.000,1025,29663,5
2022-04-05T00:00:00.000,1641,66124,3
2022-04-06T00:00:00.000,2346,80923,2
2022-04-07T00:00:00.000,2477,81540,3
2022-04-08T00:00:00.000,2253,75451,4
2022-04-09T00:00:00.000,2357,68689,0
2022-04-10T00:00:00.000,1603,50166,0
2022-04-11T00:00:00.000,1370,46277,5
2022-04-12T00:00:00.000,2545,69861,9
2022-04-13T00:00:00.000,2736,85329,8
2022-04-14T00:00:00.000,2520,75752,2
2022-04-15T00:00:00.000,2624,87382,5
2022-04-16T00:00:00.000,2306,58565,0
2022-04-17T00:00:00.000,1505,29187,0
2022-04-18T00:00:00.000,1823,40449,11
2022-04-19T00:00:00.000,3499,63830,8
2022-04-20T00:00:00.000,2103,43532,7
2022-04-21T00:00:00.000,3207,57602,7
2022-04-22T00:00:00.000,1929,40097,1
2022-04-23T00:00:00.000,1726,42384,0
2022-04-24T00:00:00.000,1547,32577,0
2022-04-25T00:00:00.000,1648,27005,7
2022-04-26T00:00:00.000,2242,53523,7
2022-04-27T00:00:00.000,3104,73132,3
2022-04-28T00:00:00.000,2749,63079,9
2022-04-29T00:00:00.000,2862,55867,6
2022-04-30T00:00:00.000,2515,54384,0
2022-05-01T00:00:00.000,1971,39880,0
2022-05-02T00:00:00.000,2566,38427,7
2022-05-03T00:00:00.000,3159,54923,4
2022-05-04T00:00:00.000,3476,66595,10
2022-05-05T00:00:00.000,7264,161631,7
2022-05-06T00:00:00.000,3373,52526,5
2022-05-07T00:00:00.000,4205,65300,0
2022-05-08T00:00:00.000,2102,41999,0
2022-05-09T00:00:00.000,2216,52848,8
2022-05-10T00:00:00.000,3816,55557,8
2022-05-11T00:00:00.000,5985,104184,8
2022-05-12T00:00:00.000,4369,134601,5
2022-05-13T00:00:00.000,3551,55281,6
2022-05-14T00:00:00.000,3189,50292,0
2022-05-15T00:00:00.000,2629,33372,0
2022-05-16T00:00:00.000,4342,52040,11
2022-05-17T00:00:00.000,4581,67762,13
2022-05-18T00:00:00.000,4718,65944,7
2022-05-19T00:00:00.000,4241,61180,13
2022-05-20T00:00:00.000,4126,68456,11
2022-05-21T00:00:00.000,4178,73128,0
2022-05-22T00:00:00.000,3122,37236,0
2022-05-23T00:00:00.000,2779,29589,6
2022-05-24T00:00:00.000,4055,57454,20
2022-05-25T00:00:00.000,4229,70770,18
2022-05-26T00:00:00.000,4252,73582,9
2022-05-27T00:00:00.000,3708,66122,18
2022-05-28T00:00:00.000,3139,60330,0
2022-05-29T00:00:00.000,2229,35849,0
2022-05-30T00:00:00.000,1690,20318,0
2022-05-31T00:00:00.000,2802,29491,16
2022-06-01T00:00:00.000,2484,55161,18
2022-06-02T00:00:00.000,4019,75751,13
2022-06-03T00:00:00.000,3438,65843,9
2022-06-04T00:00:00.000,3476,73894,0
2022-06-05T00:00:00.000,2210,41916,0
2022-06-06T00:00:00.000,2604,35530,13
2022-06-07T00:00:00.000,5148,108453,22
2022-06-08T00:00:00.000,3544,71487,19
2022-06-09T00:00:00.000,3048,61677,10
2022-06-10T00:00:00.000,3465,54094,0
2022-06-11T00:00:00.000,2324,49234,0
2022-06-12T00:00:00.000,2281,40414,0
2022-06-13T00:00:00.000,2184,31222,27
2022-06-14T00:00:00.000,2865,51944,31
2022-06-15T00:00:00.000,3335,64093,29
2022-06-16T00:00:00.000,2925,56626,24
2022-06-17T00:00:00.000,2747,59513,9
2022-06-18T00:00:00.000,2854,64498,0
2022-06-19T00:00:00.000,2149,29967,0
2022-06-20T00:00:00.000,2217,30591,0
2022-06-21T00:00:00.000,2213,56473,9
2022-06-22T00:00:00.000,3469,87244,20
2022-06-23T00:00:00.000,3377,68950,21
2022-06-24T00:00:00.000,3349,68704,8
2022-06-25T00:00:00.000,3364,66118,0
2022-06-26T00:00:00.000,2256,29871,0
2022-06-27T00:00:00.000,2256,28181,5
2022-06-28T00:00:00.000,3278,37645,21
2022-06-29T00:00:00.000,3848,40512,18
2022-06-30T00:00:00.000,3985,47504,13
2022-07-01T00:00:00.000,3991,41792,17
2022-07-02T00:00:00.000,3002,34417,0
2022-07-03T00:00:00.000,2459,23050,0
2022-07-04T00:00:00.000,2376,20417,0
2022-07-05T00:00:00.000,2100,19581,17
2022-07-06T00:00:00.000,4551,43456,14
2022-07-07T00:00:00.000,4055,43290,22
2022-07-08T00:00:00.000,4629,46366,12
2022-07-09T00:00:00.000,3585,43440,0
2022-07-10T00:00:00.000,2787,25232,0
2022-07-11T00:00:00.000,5164,39243,12
2022-07-12T00:00:00.000,3502,39301,14
2022-07-13T00:00:00.000,5611,59644,14
2022-07-14T00:00:00.000,4760,53051,14
2022-07-15T00:00:00.000,4736,52672,9
2022-07-16T00:00:00.000,4179,45227,0
2022-07-17T00:00:00.000,2889,28215,0
2022-07-18T00:00:00.000,3172,27580,15
2022-07-19T00:00:00.000,5131,50603,24
2022-07-20T00:00:00.000,4445,49471,15
2022-07-21T00:00:00.000,4361,49366,17
2022-07-22T00:00:00.000,3806,42866,13
2022-07-23T00:00:00.000,3403,41331,0
2022-07-24T00:00:00.000,2754,25732,0
2022-07-25T00:00:00.000,2596,24607,14
2022-07-26T00:00:00.000,4021,45081,31
2022-07-27T00:00:00.000,4122,49242,27
2022-07-28T00:00:00.000,3884,45885,22
2022-07-29T00:00:00.000,3389,41039,0
2022-07-30T00:00:00.000,3099,38431,0
2022-07-31T00:00:00.000,2037,21639,0
2022-08-01T00:00:00.000,2364,24761,37
2022-08-02T00:00:00.000,4282,47855,29
2022-08-03T00:00:00.000,4449,53621,0
2022-08-04T00:00:00.000,3407,43592,56
2022-08-05T00:00:00.000,3173,41279,21
2022-08-06T00:00:00.000,2621,34014,0
2022-08-07T00:00:00.000,1791,20281,0
2022-08-08T00:00:00.000,2760,26524,13
2022-08-09T00:00:00.000,2869,51223,29
2022-08-10T00:00:00.000,3557,53094,23
2022-08-11T00:00:00.000,2952,53802,20
2022-08-12T00:00:00.000,2478,51049,22
2022-08-13T00:00:00.000,2340,35678,0
2022-08-14T00:00:00.000,1670,35696,0
2022-08-15T00:00:00.000,1799,36737,20
2022-08-16T00:00:00.000,2371,32671,0
2022-08-17T00:00:00.000,2658,38951,40
2022-08-18T00:00:00.000,2489,46038,11
2022-08-19T00:00:00.000,2429,50971,23
2022-08-20T00:00:00.000,2132,32412,0
2022-08-21T00:00:00.000,1593,22034,0
2022-08-22T00:00:00.000,1783,31454,20
2022-08-23T00:00:00.000,2171,29606,23
2022-08-24T00:00:00.000,2302,39259,24
2022-08-25T00:00:00.000,2210,32801,15
2022-08-26T00:00:00.000,1969,36046,5
2022-08-27T00:00:00.000,1845,30998,0
2022-08-28T00:00:00.000,1350,32944,0
2022-08-29T00:00:00.000,1598,32437,30
2022-08-30T00:00:00.000,1892,43896,23
2022-08-31T00:00:00.000,2173,37137,22
2022-09-01T00:00:00.000,1634,32130,29
2022-09-02T00:00:00.000,2064,36053,9
2022-09-03T00:00:00.000,1627,31337,0
2022-09-04T00:00:00.000,1214,26613,0
2022-09-05T00:00:00.000,882,22586,0
2022-09-06T00:00:00.000,1455,19003,25
2022-09-07T00:00:00.000,1789,30124,15
2022-09-08T00:00:00.000,1811,33533,21
2022-09-09T00:00:00.000,1729,31860,0
2022-09-10T00:00:00.000,1876,31561,0
2022-09-11T00:00:00.000,1062,18595,0
2022-09-12T00:00:00.000,1231,18657,36
2022-09-13T00:00:00.000,2196,38054,24
2022-09-14T00:00:00.000,1736,36959,26
2022-09-15T00:00:00.000,1747,30784,7
2022-09-16T00:00:00.000,2495,39505,20
2022-09-17T00:00:00.000,1597,34931,0
2022-09-18T00:00:00.000,1347,22282,0
2022-09-19T00:00:00.000,1346,18303,13
2022-09-20T00:00:00.000,2249,44497,19
2022-09-21T00:00:00.000,2314,42005,18
2022-09-22T00:00:00.000,2210,38040,12
2022-09-23T00:00:00.000,2063,40597,22
2022-09-24T00:00:00.000,1561,30642,0
2022-09-25T00:00:00.000,1217,19355,0
2022-09-26T00:00:00.000,1372,24721,16
2022-09-27T00:00:00.000,1893,32865,12
2022-09-28T00:00:00.000,2050,32824,13
2022-09-29T00:00:00.000,2142,34200,47
2022-09-30T00:00:00.000,2030,35590,13
2022-10-01T00:00:00.000,1549,31051,0
2022-10-02T00:00:00.000,1068,20134,0
2022-10-03T00:00:00.000,1222,16784,13
2022-10-04T00:00:00.000,1648,27273,14
2022-10-05T00:00:00.000,1790,31222,2
2022-10-06T00:00:00.000,1548,31986,24
2022-10-07T00:00:00.000,1756,30049,22
2022-10-08T00:00:00.000,1512,30222,0
2022-10-09T00:00:00.000,1163,26241,0
2022-10-10T00:00:00.000,1212,16069,0
2022-10-11T00:00:00.000,1444,31415,21
2022-10-12T00:00:00.000,2068,32728,24
2022-10-13T00:00:00.000,2538,41897,30
2022-10-14T00:00:00.000,1803,33524,0
2022-10-15T00:00:00.000,1820,28107,0
2022-10-16T00:00:00.000,1347,21590,0
2022-10-17T00:00:00.000,1267,17591,32
2022-10-18T00:00:00.000,1735,28692,28
2022-10-19T00:00:00.000,2128,34704,32
2022-10-20T00:00:00.000,1862,38396,21
2022-10-21T00:00:00.000,1896,44522,201
2022-10-22T00:00:00.000,1564,28676,0
2022-10-23T00:00:00.000,1216,19798,0
2022-10-24T00:00:00.000,1357,18653,23
2022-10-25T00:00:00.000,2053,39211,18
2022-10-26T00:00:00.000,2306,44635,441
2022-10-27T00:00:00.000,2236,34255,15
2022-10-28T00:00:00.000,2117,37261,4
2022-10-29T00:00:00.000,1771,27566,0
2022-10-30T00:00:00.000,1307,18236,0
2022-10-31T00:00:00.000,1396,18705,-57
2022-11-01T00:00:00.000,2027,42192,-13
2022-11-02T00:00:00.000,2302,34074,11
2022-11-03T00:00:00.000,2409,43311,20
2022-11-04T00:00:00.000,2443,32907,14
2022-11-05T00:00:00.000,2063,31614,0
2022-11-06T00:00:00.000,1606,21666,0
2022-11-07T00:00:00.000,1785,21679,20
2022-11-08T00:00:00.000,2354,31575,0
2022-11-09T00:00:00.000,2362,36141,33
2022-11-10T00:00:00.000,2460,35676,3
2022-11-11T00:00:00.000,2063,34746,0
2022-11-12T00:00:00.000,1731,26627,-9
2022-11-13T00:00:00.000,1410,19305,0
2022-11-14T00:00:00.000,1748,20842,-1
2022-11-15T00:00:00.000,2207,30933,34
2022-11-16T00:00:00.000,2412,34051,40
2022-11-17T00:00:00.000,2290,34550,17
2022-11-18T00:00:00.000,2371,40211,19
2022-11-19T00:00:00.000,2041,30498,0
2022-11-20T00:00:00.000,1444,19285,0
2022-11-21T00:00:00.000,1728,20149,14
2022-11-22T00:00:00.000,2013,26322,22
2022-11-23T00:00:00.000,3004,38946,51
2022-11-24T00:00:00.000,2196,27283,0
2022-11-25T00:00:00.000,1115,13827,0
2022-11-26T00:00:00.000,1720,20255,0
2022-11-27T00:00:00.000,1680,19728,0
2022-11-28T00:00:00.000,2148,22524,47
2022-11-29T00:00:00.000,3828,42309,38
2022-11-30T00:00:00.000,3996,48313,28
2022-12-01T00:00:00.000,3188,38647,19
2022-12-02T00:00:00.000,3245,49590,24
2022-12-03T00:00:00.000,2282,29216,0
2022-12-04T00:00:00.000,1738,20847,0
2022-12-05T00:00:00.000,2334,50104,20
2022-12-06T00:00:00.000,3182,35138,35
2022-12-07T00:00:00.000,3471,43013,29
2022-12-08T00:00:00.000,3203,48706,17
2022-12-09T00:00:00.000,2909,44532,19
2022-12-10T00:00:00.000,3046,39514,0
2022-12-11T00:00:00.000,1652,19887,0
2022-12-12T00:00:00.000,2376,37373,32
2022-12-13T00:00:00.000,2922,40977,38
2022-12-14T00:00:00.000,3489,41216,30
2022-12-15T00:00:00.000,3266,41414,28
2022-12-16T00:00:00.000,2898,42957,2
2022-12-17T00:00:00.000,2825,35381,0
2022-12-18T00:00:00.000,1877,20392,0
2022-12-19T00:00:00.000,2164,25233,41
2022-12-20T00:00:00.000,3121,39138,58
2022-12-21T00:00:00.000,3247,36000,36
2022-12-22T00:00:00.000,3321,35794,35
2022-12-23T00:00:00.000,2720,29897,29
2022-12-24T00:00:00.000,2315,39057,0
2022-12-25T00:00:00.000,1482,13626,0
2022-12-26T00:00:00.000,1096,10852,0
2022-12-27T00:00:00.000,1754,18294,31
2022-12-28T00:00:00.000,2995,28173,40
2022-12-29T00:00:00.000,2853,29114,57
2022-12-30T00:00:00.000,2704,28209,44
2022-12-31T00:00:00.000,2484,39590,0
2023-01-01T00:00:00.000,1638,14890,0
2023-01-02T00:00:00.000,1581,14023,0
